Annual Distance (miles/vehicle),2020.0
LDVs,11983.340231589
HDVs,13561.196057575
aircraft,1370697.859415311
rail,276079.072727273
ships,219.181545101
motorbikes,2362.027270164
