Annual Distance (miles/vehicle),2020.0
LDVs,12042.759150917
HDVs,13537.922562393
aircraft,1239913.522708891
rail,242413.145454545
ships,220.073028945
motorbikes,2374.29303908
