Annual Distance (miles/vehicle),2020.0
LDVs,10551.56935623
HDVs,28471.952072695
aircraft,1035208.804319746
rail,15190.474146094
ships,46988.839318141
motorbikes,0.0
