Annual Distance (miles/vehicle),2020.0
LDVs,10868.658197526
HDVs,27144.02171323
aircraft,777700.846949475
rail,15015.893604727
ships,49148.255211662
motorbikes,0.0
