Annual Distance (miles/vehicle),2020.0
LDVs,12094.090550356
HDVs,7749.002374657
aircraft,1325724.07892994
rail,276079.072727273
ships,206.663751147
motorbikes,2055.98474079
