Annual Distance (miles/vehicle),2020.0
LDVs,10814.55491159
HDVs,27190.748734064
aircraft,1332241.256504411
rail,15041.93700785
ships,49170.496815787
motorbikes,0.0
