Unit: dimensionless (ratio of electricity demand in this hour to annual demand),Hour0,Hour1,Hour2,Hour3,Hour4,Hour5,Hour6,Hour7,Hour8,Hour9,Hour10,Hour11,Hour12,Hour13,Hour14,Hour15,Hour16,Hour17,Hour18,Hour19,Hour20,Hour21,Hour22,Hour23
Winter,0.0,0.0,0.0,0.0,0.0,0.0,0.0,0.0,0.0,0.0,0.0,0.0,0.0,0.0,0.0,0.0,0.0,0.0,0.0,0.0,0.0,0.0,0.0,0.0
Spring,0.0007209279319384676,0.0007209279319384676,0.0007209279319384676,0.0007209279319384676,0.0007209279319384676,0.0007209279319384676,0.0007209279319384676,0.0007209279319384676,0.0007209279319384676,0.0007209279319384676,0.0007209279319384676,0.0007209279319384676,0.0007209279319384676,0.0007209279319384676,0.0007209279319384676,0.0007209279319384676,0.0007209279319384676,0.0010813918979077014,0.0010813918979077014,0.0007209279319384676,0.0007209279319384676,0.0007209279319384676,0.0007209279319384676,0.0007209279319384676
Summer,0.1785341544244941,0.1785341544244941,0.1785341544244941,0.1785341544244941,0.1785341544244941,0.1785341544244941,0.1785341544244941,0.1785341544244941,0.1785341544244941,0.17907454122767957,0.18862714547163267,0.22818172824850375,0.24619503388237632,0.2658066231389426,0.2900281940940794,0.31460775584903816,0.3395372706138401,0.37544146015729357,0.4233664737597074,0.3948236632536975,0.3346397833506456,0.27827447197902766,0.20814228124845421,0.17984555077410083
Fall,0.012663421548331747,0.012663421548331747,0.012663421548331747,0.012663421548331747,0.012663421548331747,0.012663421548331747,0.012663421548331747,0.012663421548331747,0.012663421548331747,0.012663421548331747,0.012663421548331747,0.013478431153136017,0.014293440757940283,0.015923459967548816,0.015923459967548816,0.016738469572353084,0.020001305507376117,0.023249221358100678,0.02635259889218374,0.02365672616050281,0.01818478524403663,0.013843040713180026,0.0108543613271415,0.0108543613271415
Summer Peak,0.32127417519908985,0.32127417519908985,0.32127417519908985,0.32127417519908985,0.32127417519908985,0.32127417519908985,0.32127417519908985,0.32127417519908985,0.32127417519908985,0.32127417519908985,0.32127417519908985,0.32127417519908985,0.3709897610921502,0.4868031854379977,0.4868031854379977,0.4868031854379977,0.4868031854379977,0.8031285551763367,0.8031285551763367,0.8031285551763367,0.8031285551763367,0.6236632536973834,0.3735494880546075,0.32127417519908985
Winter Peak,0.0,0.0,0.0,0.0,0.0,0.0,0.0,0.0,0.0,0.0,0.0,0.0,0.0,0.0,0.0,0.0,0.0,0.0,0.0,0.0,0.0,0.0,0.0,0.0
