Unit: dimensionless (ratio of electricity demand in this hour to annual demand),Hour0,Hour1,Hour2,Hour3,Hour4,Hour5,Hour6,Hour7,Hour8,Hour9,Hour10,Hour11,Hour12,Hour13,Hour14,Hour15,Hour16,Hour17,Hour18,Hour19,Hour20,Hour21,Hour22,Hour23
Winter,0,0,0,0,0.0,0.0,0.021979637197963715,0.17221744222174415,0.30626478812647856,0.33514794101479417,0.3312319256231924,0.3270034177003417,0.3390227289022729,0.458701990870199,0.3916110991611099,0.1892575464257547,0.024620587462058755,0.0,0.0,0,0,0,0,0
Spring,0,0,0,0,0.0008892359584888131,0.00873025522085161,0.25125942621289915,0.37566829082769854,0.43013847453558646,0.4402434994591326,0.4490968916488198,0.4535804801406568,0.4590429295999452,0.494620161418538,0.47318497666632375,0.41542828284717603,0.2555645440347154,0.1272254279399341,0.002949052468818291,0,0,0,0,0
Summer,0,0,0,0,0.003208575320857533,0.02135880865762001,0.304689180468918,0.38122426203546983,0.42965683753090117,0.44698797622053665,0.44931822645356173,0.4386255732103834,0.42143783453508793,0.4673429847777767,0.44478320100005914,0.38822202686568097,0.28983013333083935,0.1667991558103504,0.018877364931214752,0,0,0,0,0
Fall,0,0,0,0,0.0,0.0,0.18725808593892337,0.32896786076563855,0.37028822227472397,0.37647322945060174,0.37418235545102246,0.357446868531572,0.3662506890840852,0.4093047802747404,0.386856800980762,0.25763105527130226,0.09695486543319147,0.02613524031844206,0.0,0,0,0,0,0
Summer Peak,0,0,0,0,0.0007170000717000071,0.01892880189288019,0.29712482971248294,0.46985014698501465,0.507492650749265,0.5149494514949452,0.5119380511938051,0.4747974474797448,0.46956334695633467,0.33785043378504337,0.06768480676848068,0.018426901842690184,0.05169570516957051,0.04739370473937047,0.00301140030114003,0,0,0,0,0
Winter Peak,0,0,0,0,0.0,0.0,0.03692550369255037,0.29683802968380296,0.45464974546497455,0.5448483544848354,0.5575392557539256,0.32315193231519324,0.35842833584283357,0.6202050620205062,0.4915035491503549,0.4738653473865347,0.07679070767907076,0.0,0.0,0,0,0,0,0
