solar pv,Hour0,Hour1,Hour2,Hour3,Hour4,Hour5,Hour6,Hour7,Hour8,Hour9,Hour10,Hour11,Hour12,Hour13,Hour14,Hour15,Hour16,Hour17,Hour18,Hour19,Hour20,Hour21,Hour22,Hour23
Winter,0,0,0,0,0.0,0.0,0.0017387881087341632,0.16226585611465638,0.3876310752175912,0.4428688063946507,0.4389161957306234,0.4326876873878526,0.443273093457864,0.45955822823448206,0.4175436394393839,0.2325124164510488,0.027821408500526328,0.0,0.0,0,0,0,0,0
Spring,0,0,0,0,0.00027942363704310175,0.08973592398079548,0.3432062542969051,0.5542341453117019,0.6583854191925099,0.6947281788539493,0.7047765894626334,0.7014889756748812,0.7016009448198937,0.6988455054016195,0.6701350476261116,0.6058770250725303,0.41750455721552,0.1258678678507344,0.0007822150206964625,0,0,0,0,0
Summer,0,0,0,0,0.0008253599071470108,0.17558325358021729,0.44465872830922615,0.5960564629436478,0.6697999271475081,0.7121509057163564,0.7090772243954789,0.6913567230557018,0.6964004383216171,0.6935308344777812,0.6572469752263819,0.6075879716463531,0.48498612710572736,0.24392763922480729,0.026669894499636877,0,0,0,0,0
Fall,0,0,0,0,0.0,0.0021047627140338672,0.22303988056375113,0.4928733001255243,0.5735611771956791,0.5833578752738784,0.5775015838425471,0.5675151473430704,0.56866024668146,0.5622571127706649,0.5374252582281831,0.4279625384935587,0.1686226001693017,0.005975039286824471,0.0,0,0,0,0,0
Summer Peak,0,0,0,0,0.000301817466045535,0.10865428777639262,0.4658093300964503,0.663119217899088,0.770448133324585,0.845469457384686,0.8285808017846598,0.8246309297290204,0.8259694245784398,0.7531395577717998,0.5558165474706385,0.3050980906764648,0.21940817531658027,0.0919887146512696,0.0030181746604553508,0,0,0,0,0
Winter Peak,0,0,0,0,0.0,0.0,0.0010104323863263567,0.25628239616823045,0.7238238960698117,0.7987927301358179,0.7075651203989239,0.5846466767272489,0.5878354438685126,0.6912276097368939,0.6865166327668789,0.5901056361131158,0.19686372285283119,0.0,0.0,0,0,0,0,0
