solar pv,Hour0,Hour1,Hour2,Hour3,Hour4,Hour5,Hour6,Hour7,Hour8,Hour9,Hour10,Hour11,Hour12,Hour13,Hour14,Hour15,Hour16,Hour17,Hour18,Hour19,Hour20,Hour21,Hour22,Hour23
Winter,0,0,0,0,0.0,0.0,0.0013925090608915979,0.12995066723655457,0.3104344812414249,0.3546716374427902,0.351506187819465,0.34651808474952783,0.3549954108778038,0.36803736672071014,0.33438996868933013,0.18620764948386642,0.022280784662113473,0.0,0.0,0,0,0,0,0
Spring,0,0,0,0,0.00022377651679080602,0.07186504589205338,0.274856847975013,0.443858607800066,0.5272681916670793,0.5563733033665159,0.5644205764930491,0.5617876898490922,0.5618773603777708,0.5596706657624746,0.5366778856796586,0.48521682599598037,0.3343586696767725,0.10080132569163469,0.0006264371710468506,0,0,0,0,0
Summer,0,0,0,0,0.0006609897683482351,0.14061590962298245,0.3561050970298524,0.4773520254036452,0.5364095043279564,0.5703263002264977,0.5678647414729523,0.5536732718193293,0.5577125329420991,0.5554144097069339,0.5263564684213384,0.4865870381539668,0.38840130836476805,0.19534953460759605,0.021358594274493763,0,0,0,0,0
Fall,0,0,0,0,0.0,0.0016855999506763626,0.17862156582800015,0.3947177536174806,0.45933666799808043,0.4671823570571361,0.46249234403002415,0.45449470289037797,0.45541175609330636,0.4502838040765563,0.4303972047402397,0.342733947616133,0.13504146792089242,0.004785112288433763,0.0,0,0,0,0,0
Summer Peak,0,0,0,0,0.00024171062252646523,0.08701582410952749,0.3730435638183451,0.5310592560056465,0.6170136552075577,0.6770945086416361,0.6635692229376552,0.6604059665298089,0.6614779005949263,0.6031520764635401,0.4451258751187376,0.24433791190175294,0.1757131134192391,0.07366919408306616,0.002417106225264653,0,0,0,0,0
Winter Peak,0,0,0,0,0.0,0.0,0.0008092051275886013,0.20524384599747247,0.5796746186059695,0.6397134354100432,0.5666537724620437,0.46821449414876554,0.4707682194215452,0.5535698713731112,0.5497970838301982,0.47258630366924415,0.15765838083226227,0.0,0.0,0,0,0,0,0
