solar pv,Hour0,Hour1,Hour2,Hour3,Hour4,Hour5,Hour6,Hour7,Hour8,Hour9,Hour10,Hour11,Hour12,Hour13,Hour14,Hour15,Hour16,Hour17,Hour18,Hour19,Hour20,Hour21,Hour22,Hour23
Winter,0,0,0,0,0.0,0.0,0.001309086319327366,0.12216555385134371,0.29183690351029823,0.3334238903497778,0.33044807718432406,0.3257588024990529,0.3337282670940603,0.3459889025546933,0.3143572603048113,0.17505228033299747,0.020945982474524342,0.0,0.0,0,0,0,0,0
Spring,0,0,0,0,0.00021037046360761842,0.06755973878897728,0.25839066298581254,0.41726782791253236,0.4956804919358337,0.523041968150453,0.5306071434542965,0.5281319883671642,0.5282162868939291,0.52614179142891,0.5045264679132088,0.4561483488029041,0.3143278363604376,0.0947624975226309,0.0005889084341113729,0,0,0,0,0
Summer,0,0,0,0,0.0006213910467526931,0.13219186053220916,0.3347714739220745,0.4487547144282225,0.5042741648110294,0.5361590657809162,0.5338449746349502,0.5205036906918409,0.5243009668636909,0.5221405201048333,0.49482338840844414,0.45743647398712917,0.36513287666768635,0.18364649137581412,0.020079038873112375,0,0,0,0,0
Fall,0,0,0,0,0.0,0.0015846186551033764,0.16792066545875822,0.37107091491772976,0.4318186250484395,0.4391942928278147,0.43478525014099134,0.42726673345996014,0.4281288476362803,0.423308102105909,0.40461287357184966,0.3222013662920569,0.12695137371956206,0.004498444720512699,0.0,0,0,0,0,0
Summer Peak,0,0,0,0,0.00022723016896055153,0.08180286082579856,0.35069518728663907,0.4992444403514588,0.5800494643483436,0.6365309806938859,0.6238159708046586,0.6208422194630444,0.6218499358645216,0.5670183081370842,0.418459175499701,0.22970006210142715,0.1651864532617575,0.06925580367015072,0.002272301689605516,0,0,0,0,0
Winter Peak,0,0,0,0,0.0,0.0,0.0007607270873896728,0.1929480521651988,0.5449473430302202,0.6013893410855085,0.5327065526240409,0.4401645964217154,0.4425653325546465,0.5204064847824806,0.5168597182321834,0.44427449860813223,0.14821334759766064,0.0,0.0,0,0,0,0,0
