solar pv dist,Hour0,Hour1,Hour2,Hour3,Hour4,Hour5,Hour6,Hour7,Hour8,Hour9,Hour10,Hour11,Hour12,Hour13,Hour14,Hour15,Hour16,Hour17,Hour18,Hour19,Hour20,Hour21,Hour22,Hour23
Winter,0,0,0,0,0.0,0.0,0.020021759393480287,0.1637391241999993,0.29397189983197236,0.3232186444957776,0.320504643354812,0.31919783278934843,0.3309366826588857,0.4468381855533836,0.3776401968944546,0.17312371992106776,0.01933343932464828,0.0,0.0,0,0,0,0,0
Spring,0,0,0,0,0.0008892359584888131,0.00873025522085161,0.25125942621289915,0.37566829082769854,0.43013847453558646,0.4402434994591326,0.4490968916488198,0.4535804801406568,0.4590429295999452,0.494620161418538,0.47318497666632375,0.41542828284717603,0.2555645440347154,0.1272254279399341,0.002949052468818291,0,0,0,0,0
Summer,0,0,0,0,0.003221555494569344,0.02080948483956919,0.29876898504931226,0.3738463097984243,0.4233959595809752,0.4416209476103705,0.444379337541382,0.4339539916712613,0.41628529680094356,0.46377789810192777,0.4433293857122489,0.38618942482583907,0.28828347710420965,0.1625801783269834,0.01802389835411397,0,0,0,0,0
Fall,0,0,0,0,0.0,0.0,0.18725808593892337,0.32896786076563855,0.37028822227472397,0.37647322945060174,0.37418235545102246,0.357446868531572,0.3662506890840852,0.4093047802747404,0.386856800980762,0.25763105527130226,0.09695486543319147,0.02613524031844206,0.0,0,0,0,0,0
Summer Peak,0,0,0,0,0.0007170000717000071,0.01892880189288019,0.29712482971248294,0.46985014698501465,0.507492650749265,0.5149494514949452,0.5119380511938051,0.4747974474797448,0.46956334695633467,0.33785043378504337,0.06768480676848068,0.018426901842690184,0.05169570516957051,0.04739370473937047,0.00301140030114003,0,0,0,0,0
Winter Peak,0,0,0,0,0.0,0.0,0.03692550369255037,0.29683802968380296,0.45464974546497455,0.5448483544848354,0.5575392557539256,0.32315193231519324,0.35842833584283357,0.6202050620205062,0.4915035491503549,0.4738653473865347,0.07679070767907076,0.0,0.0,0,0,0,0,0
