hydrogen CT,Hour0,Hour1,Hour2,Hour3,Hour4,Hour5,Hour6,Hour7,Hour8,Hour9,Hour10,Hour11,Hour12,Hour13,Hour14,Hour15,Hour16,Hour17,Hour18,Hour19,Hour20,Hour21,Hour22,Hour23
Winter,0,0,0,0,0,0,0.053213112026803566,0.053213112026803566,0,0,0,0,0.0,0.0,0.0,0.0,0.0,0.26754619478569114,0.6124443331921321,0.373478873955407,0.026606556013401783,0.0004935448838910957,0,0
Spring,0,0,0,0,0,0,0.0,0.0,0,0,0,0,0.0,0.0,0.0,0.0,0.0,0.0,0.06713332113836833,0.0006169311048638695,0.0006169311048638695,0.0,0,0
Summer,0,0,0,0,0,0,0.0,0.0,0,0,0,0,0.0006523869154882298,0.07164394490088921,0.17845747533673487,0.354957789927005,0.5666276900522315,0.95,0.95,0.95,0.2507538071531124,0.03516958553495638,0,0
Fall,0,0,0,0,0,0,0.0,0.0,0,0,0,0,0.0,0.0,0.0,0.0,0.000930453469630754,0.20063960272401343,0.15141015551264084,0.001860906939261508,0.0,0.0,0,0
Summer Peak,0,0,0,0,0,0,0.0,0.0,0,0,0,0,0.0,0.0,0.0,0.0,0.0,0.95,0.95,0.95,0.0,0.0,0,0
Winter Peak,0,0,0,0,0,0,0.0,0.0,0,0,0,0,0.0,0.0,0.0,0.0,0.0,0.0,0.0,0.0,0.0,0.0,0,0
