Unit: dimensionless (ratio of electricity demand in this hour to annual demand),Hour0,Hour1,Hour2,Hour3,Hour4,Hour5,Hour6,Hour7,Hour8,Hour9,Hour10,Hour11,Hour12,Hour13,Hour14,Hour15,Hour16,Hour17,Hour18,Hour19,Hour20,Hour21,Hour22,Hour23
Winter,0,0,0,0,0,0,0.050995899025686756,0.050995899025686756,0,0,0,0.0,0.0,0.0,0.0,0.0,0.0,0.2563984366696207,0.5869258193091265,0.3579172542072651,0.025497949512843378,0.0004729805137289666,0,0
Spring,0,0,0,0,0,0,0.0,0.0,0,0,0,0.0,0.0,0.0,0.0,0.0,0.0,0.0,0.06713332113836833,0.0006169311048638695,0.0006169311048638695,0.0,0,0
Summer,0,0,0,0,0,0,0.0,0.0,0,0,0,0.0006169311048638695,0.06713332113836833,0.13488357338160054,0.2685332845534734,0.4354411907420983,0.6526570243000769,0.95,0.95,0.95,0.37055125543959866,0.09977458505025669,0,0
Fall,0,0,0,0,0,0,0.0,0.0,0,0,0,0.0,0.0,0.0,0.0,0.0,0.000930453469630754,0.20063960272401343,0.15141015551264084,0.001860906939261508,0.0,0.0,0,0
Summer Peak,0,0,0,0,0,0,0.0,0.0,0,0,0,0.0,0.0,0.0,0.0,0.0,0.0,0.95,0.95,0.95,0.0,0.0,0,0
Winter Peak,0,0,0,0,0,0,0.0,0.0,0,0,0,0.0,0.0,0.0,0.0,0.0,0.0,0.0,0.0,0.0,0.0,0.0,0,0
