Unit: dimensionless (ratio of electricity demand in this hour to annual demand),Hour0,Hour1,Hour2,Hour3,Hour4,Hour5,Hour6,Hour7,Hour8,Hour9,Hour10,Hour11,Hour12,Hour13,Hour14,Hour15,Hour16,Hour17,Hour18,Hour19,Hour20,Hour21,Hour22,Hour23
Winter,0,0,0,0,0,0,0,0,0,0,0,0,0.0,0.0,0.0,0.0,0.0,0.0,0.18652923907192334,0.006870099914124855,0.0,0,0,0
Spring,0,0,0,0,0,0,0,0,0,0,0,0,0.0,0.0,0.0,0.0,0.0,0.0,0.013268568255197661,0.0,0.0,0,0,0
Summer,0,0,0,0,0,0,0,0,0,0,0,0,0.0002515368389610931,0.05527522036170021,0.07275703066949618,0.14527824555246635,0.451477183830292,0.95,0.95,0.7857382007047148,0.10245409871934025,0,0,0
Fall,0,0,0,0,0,0,0,0,0,0,0,0,0.0,0.0,0.0,0.0,0.0,0.04637762012779367,0.05275572841735221,0.0,0.0,0,0,0
Summer Peak,0,0,0,0,0,0,0,0,0,0,0,0,0.0,0.0,0.0,0.0,0.0,0.023141389184420567,0.95,0.023141389184420567,0.0,0,0,0
Winter Peak,0,0,0,0,0,0,0,0,0,0,0,0,0.0,0.0,0.0,0.0,0.0,0.0,0.0,0.0,0.0,0,0,0
